{"learner":{"attributes":{"best_iteration":"5","best_score":"1.284157707783e-05"},"feature_names":[],"feature_types":[],"gradient_booster":{"gbtree":{"model":{"gbtree_model_param":{"num_parallel_tree":"1","num_trees":"16"},"iteration_indptr":[0,1,2,3,4,5,6,7,8,9,10,11,12,13,14,15,16],"tree_info":[0,0,0,0,0,0,0,0,0,0,0,0,0,0,0,0],"trees":[{"base_weights":[-8.9269065E-8,-5.8674777E-1,5.123202E-1,-1.132403E0,-3.5555643E-1,2.3339057E-1,7.982057E-1,-1.4948632E0,-9.8837894E-1,-1.4009935E-1,-4.985565E-1,1.0883871E-1,3.577768E-1,6.0671484E-1,9.48989E-1,-1.6883143E0,-1.3847892E0,-8.8691354E-1,-1.1358514E0,-6.379755E-1,-3.8903746E-1,8.55653E-1,1.1045909E0,-1.8826563E0,-1.6337261E0],"categories":[],"categories_nodes":[],"categories_segments":[],"categories_sizes":[],"default_left":[0,0,0,0,0,0,0,0,0,0,0,0,0,0,0,0,0,0,0,0,0,0,0,0,0],"id":0,"left_children":[1,3,5,7,9,11,13,15,17,-1,19,-1,-1,-1,21,23,-1,-1,-1,-1,-1,-1,-1,-1,-1],"loss_changes":[4.572168E2,8.944087E1,6.475043E1,1.10147705E1,1.5300999E1,6.421528E0,1.1421829E1,1.2090149E0,2.246643E0,0E0,4.5840225E0,0E0,0E0,0E0,3.206253E0,2.0230103E-1,0E0,0E0,0E0,0E0,0E0,0E0,0E0,0E0,0E0],"parents":[2147483647,0,0,1,1,2,2,3,3,4,4,5,5,6,6,7,7,8,8,10,10,14,14,15,15],"right_children":[2,4,6,8,10,12,14,16,18,-1,20,-1,-1,-1,22,24,-1,-1,-1,-1,-1,-1,-1,-1,-1],"split_conditions":[3E0,2.25E0,3.5E0,1.75E0,1.196E1,3.25E0,3.75E0,1.5E0,1.581E1,-1.4009935E-1,2.5E0,1.0883871E-1,3.577768E-1,6.0671484E-1,4E0,1.25E0,-1.3847892E0,-8.8691354E-1,-1.1358514E0,-6.379755E-1,-3.8903746E-1,8.55653E-1,1.1045909E0,-1.8826563E0,-1.6337261E0],"split_indices":[4,4,4,4,0,4,4,4,0,0,4,0,0,0,4,4,0,0,0,0,0,0,0,0,0],"split_type":[0,0,0,0,0,0,0,0,0,0,0,0,0,0,0,0,0,0,0,0,0,0,0,0,0],"sum_hessian":[1.521E3,7.09E2,8.12E2,2.11E2,4.98E2,4.11E2,4.01E2,6E1,1.51E2,1.99E2,2.99E2,2.07E2,2.04E2,1.78E2,2.23E2,2.1E1,3.9E1,9.2E1,5.9E1,1.29E2,1.7E2,1.43E2,8E1,4E0,1.7E1],"tree_param":{"num_deleted":"0","num_feature":"5","num_nodes":"25","size_leaf_vector":"1"}},{"base_weights":[-1.03533424E-7,-2.4925228E-3,2.176153E-3,-4.8105977E-3,-1.5103566E-3,9.912716E-4,3.3905704E-3,-6.3510975E-3,-4.1984455E-3,-5.951521E-4,-2.1177665E-3,4.6220573E-4,1.5196112E-3,2.5772508E-3,4.03097E-3,-7.174412E-3,-5.8825533E-3,-3.7673404E-3,-4.8249536E-3,-2.7099503E-3,-1.6525536E-3,3.6344123E-3,4.6920283E-3,-8.0052605E-3,-6.9409795E-3],"categories":[],"categories_nodes":[],"categories_segments":[],"categories_sizes":[],"default_left":[0,0,0,0,0,0,0,0,0,0,0,0,0,0,0,0,0,0,0,0,0,0,0,0,0],"id":1,"left_children":[1,3,5,7,9,11,13,15,17,-1,19,-1,-1,-1,21,23,-1,-1,-1,-1,-1,-1,-1,-1,-1],"loss_changes":[8.250125E-3,1.6141743E-3,1.1683975E-3,1.9892491E-4,2.7605915E-4,1.1585181E-4,2.060053E-4,2.1841377E-5,4.051067E-5,0E0,8.2685845E-5,0E0,0E0,0E0,5.783327E-5,3.6280835E-6,0E0,0E0,0E0,0E0,0E0,0E0,0E0,0E0,0E0],"parents":[2147483647,0,0,1,1,2,2,3,3,4,4,5,5,6,6,7,7,8,8,10,10,14,14,15,15],"right_children":[2,4,6,8,10,12,14,16,18,-1,20,-1,-1,-1,22,24,-1,-1,-1,-1,-1,-1,-1,-1,-1],"split_conditions":[3E0,2.25E0,3.5E0,1.75E0,1.196E1,3.25E0,3.75E0,1.5E0,1.581E1,-5.951521E-4,2.5E0,4.6220573E-4,1.5196112E-3,2.5772508E-3,4E0,1.25E0,-5.8825533E-3,-3.7673404E-3,-4.8249536E-3,-2.7099503E-3,-1.6525536E-3,3.6344123E-3,4.6920283E-3,-8.0052605E-3,-6.9409795E-3],"split_indices":[4,4,4,4,0,4,4,4,0,0,4,0,0,0,4,4,0,0,0,0,0,0,0,0,0],"split_type":[0,0,0,0,0,0,0,0,0,0,0,0,0,0,0,0,0,0,0,0,0,0,0,0,0],"sum_hessian":[1.521E3,7.09E2,8.12E2,2.11E2,4.98E2,4.11E2,4.01E2,6E1,1.51E2,1.99E2,2.99E2,2.07E2,2.04E2,1.78E2,2.23E2,2.1E1,3.9E1,9.2E1,5.9E1,1.29E2,1.7E2,1.43E2,8E1,4E0,1.7E1],"tree_param":{"num_deleted":"0","num_feature":"5","num_nodes":"25","size_leaf_vector":"1"}},{"base_weights":[-7.414257E-8],"categories":[],"categories_nodes":[],"categories_segments":[],"categories_sizes":[],"default_left":[0],"id":2,"left_children":[-1],"loss_changes":[0E0],"parents":[2147483647],"right_children":[-1],"split_conditions":[-7.382765E-8],"split_indices":[0],"split_type":[0],"sum_hessian":[1.521E3],"tree_param":{"num_deleted":"0","num_feature":"5","num_nodes":"1","size_leaf_vector":"1"}},{"base_weights":[-6.9440034E-8],"categories":[],"categories_nodes":[],"categories_segments":[],"categories_sizes":[],"default_left":[0],"id":3,"left_children":[-1],"loss_changes":[0E0],"parents":[2147483647],"right_children":[-1],"split_conditions":[-6.914509E-8],"split_indices":[0],"split_type":[0],"sum_hessian":[1.521E3],"tree_param":{"num_deleted":"0","num_feature":"5","num_nodes":"1","size_leaf_vector":"1"}},{"base_weights":[-6.47375E-8],"categories":[],"categories_nodes":[],"categories_segments":[],"categories_sizes":[],"default_left":[0],"id":4,"left_children":[-1],"loss_changes":[0E0],"parents":[2147483647],"right_children":[-1],"split_conditions":[-6.4462526E-8],"split_indices":[0],"split_type":[0],"sum_hessian":[1.521E3],"tree_param":{"num_deleted":"0","num_feature":"5","num_nodes":"1","size_leaf_vector":"1"}},{"base_weights":[-6.0034964E-8],"categories":[],"categories_nodes":[],"categories_segments":[],"categories_sizes":[],"default_left":[0],"id":5,"left_children":[-1],"loss_changes":[0E0],"parents":[2147483647],"right_children":[-1],"split_conditions":[-5.9779964E-8],"split_indices":[0],"split_type":[0],"sum_hessian":[1.521E3],"tree_param":{"num_deleted":"0","num_feature":"5","num_nodes":"1","size_leaf_vector":"1"}},{"base_weights":[-5.533243E-8],"categories":[],"categories_nodes":[],"categories_segments":[],"categories_sizes":[],"default_left":[0],"id":6,"left_children":[-1],"loss_changes":[0E0],"parents":[2147483647],"right_children":[-1],"split_conditions":[-5.5097406E-8],"split_indices":[0],"split_type":[0],"sum_hessian":[1.521E3],"tree_param":{"num_deleted":"0","num_feature":"5","num_nodes":"1","size_leaf_vector":"1"}},{"base_weights":[-5.533243E-8],"categories":[],"categories_nodes":[],"categories_segments":[],"categories_sizes":[],"default_left":[0],"id":7,"left_children":[-1],"loss_changes":[0E0],"parents":[2147483647],"right_children":[-1],"split_conditions":[-5.5097406E-8],"split_indices":[0],"split_type":[0],"sum_hessian":[1.521E3],"tree_param":{"num_deleted":"0","num_feature":"5","num_nodes":"1","size_leaf_vector":"1"}},{"base_weights":[-5.533243E-8],"categories":[],"categories_nodes":[],"categories_segments":[],"categories_sizes":[],"default_left":[0],"id":8,"left_children":[-1],"loss_changes":[0E0],"parents":[2147483647],"right_children":[-1],"split_conditions":[-5.5097406E-8],"split_indices":[0],"split_type":[0],"sum_hessian":[1.521E3],"tree_param":{"num_deleted":"0","num_feature":"5","num_nodes":"1","size_leaf_vector":"1"}},{"base_weights":[-5.533243E-8],"categories":[],"categories_nodes":[],"categories_segments":[],"categories_sizes":[],"default_left":[0],"id":9,"left_children":[-1],"loss_changes":[0E0],"parents":[2147483647],"right_children":[-1],"split_conditions":[-5.5097406E-8],"split_indices":[0],"split_type":[0],"sum_hessian":[1.521E3],"tree_param":{"num_deleted":"0","num_feature":"5","num_nodes":"1","size_leaf_vector":"1"}},{"base_weights":[-5.533243E-8],"categories":[],"categories_nodes":[],"categories_segments":[],"categories_sizes":[],"default_left":[0],"id":10,"left_children":[-1],"loss_changes":[0E0],"parents":[2147483647],"right_children":[-1],"split_conditions":[-5.5097406E-8],"split_indices":[0],"split_type":[0],"sum_hessian":[1.521E3],"tree_param":{"num_deleted":"0","num_feature":"5","num_nodes":"1","size_leaf_vector":"1"}},{"base_weights":[-5.533243E-8],"categories":[],"categories_nodes":[],"categories_segments":[],"categories_sizes":[],"default_left":[0],"id":11,"left_children":[-1],"loss_changes":[0E0],"parents":[2147483647],"right_children":[-1],"split_conditions":[-5.5097406E-8],"split_indices":[0],"split_type":[0],"sum_hessian":[1.521E3],"tree_param":{"num_deleted":"0","num_feature":"5","num_nodes":"1","size_leaf_vector":"1"}},{"base_weights":[-5.533243E-8],"categories":[],"categories_nodes":[],"categories_segments":[],"categories_sizes":[],"default_left":[0],"id":12,"left_children":[-1],"loss_changes":[0E0],